{
	"credit": "Made with Blockbench",
	"parent": "block/block",
	"textures": {
		"2": "block/spore_blossom_extra",
		"particle": "block/spore_blossom",
		"flower": "block/spore_blossom",
		"base": "block/variants/roots/roots_big"
	},
	"elements": [
		{
			"from": [-3, 15.9, -3],
			"to": [19, 15.9, 19],
			"shade": false,
			"faces": {
				"up": {"uv": [1, 1, 15, 15], "texture": "#base"},
				"down": {"uv": [1, 1, 15, 15], "texture": "#base"}
			}
		},
		{
			"from": [8.1, 15.8, 0],
			"to": [24.1, 15.8, 16],
			"shade": false,
			"rotation": {"angle": -22.5, "axis": "z", "origin": [8, 16, 0]},
			"faces": {
				"up": {"uv": [0, 0, 16, 16], "rotation": 90, "texture": "#flower"},
				"down": {"uv": [0, 16, 16, 0], "rotation": 270, "texture": "#flower"}
			}
		},
		{
			"from": [-8.1, 15.8, 0],
			"to": [7.9, 15.8, 16],
			"shade": false,
			"rotation": {"angle": 22.5, "axis": "z", "origin": [8, 16, 0]},
			"faces": {
				"up": {"uv": [0, 0, 16, 16], "rotation": 270, "texture": "#flower"},
				"down": {"uv": [0, 16, 16, 0], "rotation": 90, "texture": "#flower"}
			}
		},
		{
			"from": [0, 15.8, 8.1],
			"to": [16, 15.8, 24.1],
			"shade": false,
			"rotation": {"angle": 22.5, "axis": "x", "origin": [0, 16, 8]},
			"faces": {
				"up": {"uv": [16, 16, 0, 0], "texture": "#flower"},
				"down": {"uv": [16, 0, 0, 16], "texture": "#flower"}
			}
		},
		{
			"from": [0, 15.8, -8.1],
			"to": [16, 15.8, 7.9],
			"shade": false,
			"rotation": {"angle": -22.5, "axis": "x", "origin": [0, 16, 8]},
			"faces": {
				"up": {"uv": [0, 0, 16, 16], "texture": "#flower"},
				"down": {"uv": [0, 16, 16, 0], "texture": "#flower"}
			}
		},
		{
			"from": [8, 8, 6],
			"to": [8, 16, 10],
			"rotation": {"angle": 0, "axis": "y", "origin": [8, 12, 8]},
			"faces": {
				"north": {"uv": [0, 0, 0, 8], "texture": "#missing"},
				"east": {"uv": [0, 0, 8, 16], "texture": "#2"},
				"south": {"uv": [0, 0, 0, 8], "texture": "#2"},
				"west": {"uv": [9, 0, 16, 16], "texture": "#2"},
				"up": {"uv": [0, 0, 4, 0], "rotation": 270, "texture": "#2"},
				"down": {"uv": [0, 0, 4, 0], "rotation": 90, "texture": "#missing"}
			}
		},
		{
			"from": [6, 8, 8],
			"to": [10, 16, 8],
			"faces": {
				"north": {"uv": [0, 0, 8, 16], "texture": "#2"},
				"east": {"uv": [0, 0, 0, 8], "texture": "#missing"},
				"south": {"uv": [9, 0, 16, 16], "texture": "#2"},
				"west": {"uv": [0, 0, 0, 8], "texture": "#missing"},
				"up": {"uv": [0, 0, 4, 0], "texture": "#2"},
				"down": {"uv": [0, 0, 4, 0], "texture": "#missing"}
			}
		}
	]
}