{
	"credit": "Made with Blockbench",
	"parent": "block/block",
	"textures": {
		"4": "block/variants/roots/root_1",
		"5": "block/variants/grass_block_expand/grass_expand",
		"overlay": "block/variants/grass_block_side/grass_side_1",
		"side": "block/dirt_side_1",
		"top": "block/grass_block_top",
		"particle": "block/dirt",
		"bottom": "block/dirt"
	},
	"elements": [
		{
			"from": [0, 0, 0],
			"to": [16, 16, 16],
			"faces": {
				"north": {"uv": [0, 0, 16, 16], "texture": "#side", "cullface": "north"},
				"east": {"uv": [0, 0, 16, 16], "texture": "#side", "cullface": "east"},
				"south": {"uv": [0, 0, 16, 16], "texture": "#side", "cullface": "south"},
				"west": {"uv": [0, 0, 16, 16], "texture": "#side", "cullface": "west"},
				"up": {"uv": [0, 0, 16, 16], "texture": "#top", "cullface": "up", "tintindex": 0},
				"down": {"uv": [0, 0, 16, 16], "texture": "#bottom", "cullface": "down"}
			}
		},
		{
			"from": [0, 0, 0],
			"to": [16, 16, 16],
			"faces": {
				"north": {"uv": [0, 0, 16, 16], "texture": "#overlay", "cullface": "north", "tintindex": 0},
				"east": {"uv": [0, 0, 16, 16], "texture": "#overlay", "cullface": "east", "tintindex": 0},
				"south": {"uv": [0, 0, 16, 16], "texture": "#overlay", "cullface": "south", "tintindex": 0},
				"west": {"uv": [0, 0, 16, 16], "texture": "#overlay", "cullface": "west", "tintindex": 0}
			}
		},
		{
			"name": "root1",
			"from": [8, -16, 0],
			"to": [8, 0, 16],
			"shade": false,
			"rotation": {"angle": -22.5, "axis": "y", "origin": [8, -8, 8]},
			"faces": {
				"east": {"uv": [0, 0, 16, 16], "texture": "#4", "cullface": "down"},
				"west": {"uv": [0, 0, 16, 16], "texture": "#4", "cullface": "down"}
			}
		},
		{
			"name": "root2",
			"from": [0, -15, 8],
			"to": [16, 1, 8],
			"shade": false,
			"faces": {
				"north": {"uv": [0, 0, 16, 16], "texture": "#4", "cullface": "down"},
				"south": {"uv": [0, 0, 16, 16], "texture": "#4", "cullface": "down"}
			}
		},
		{
			"from": [0, 0, 0],
			"to": [16, 16, 16],
			"faces": {
				"north": {"uv": [0, 0, 16, 16], "texture": "#overlay", "cullface": "north", "tintindex": 0},
				"east": {"uv": [0, 0, 16, 16], "texture": "#overlay", "cullface": "east", "tintindex": 0},
				"south": {"uv": [0, 0, 16, 16], "texture": "#overlay", "cullface": "south", "tintindex": 0},
				"west": {"uv": [0, 0, 16, 16], "texture": "#overlay", "cullface": "west", "tintindex": 0}
			}
		},
		{
			"name": "overlay1",
			"from": [0, 16.1, -3.9],
			"to": [16, 16.1, 2.1],
			"shade": false,
			"rotation": {"angle": 0, "axis": "x", "origin": [8, 16.1, -0.9]},
			"faces": {
				"up": {"uv": [16, 6, 0, 0], "texture": "#5", "cullface": "north", "tintindex": 0},
				"down": {"uv": [0, 0, 16, 6], "texture": "#5", "cullface": "down", "tintindex": 0}
			}
		},
		{
			"name": "overlay2",
			"from": [13.8, 16.2, 0],
			"to": [19.8, 16.2, 16],
			"shade": false,
			"rotation": {"angle": 0, "axis": "z", "origin": [16.8, 16.2, 8]},
			"faces": {
				"up": {"uv": [0, 6, 16, 0], "rotation": 90, "texture": "#5", "cullface": "east", "tintindex": 0},
				"down": {"uv": [0, 0, 16, 6], "rotation": 270, "texture": "#5", "cullface": "down", "tintindex": 0}
			}
		},
		{
			"name": "overlay3",
			"from": [0, 16.1, 13.8],
			"to": [16, 16.1, 19.8],
			"shade": false,
			"rotation": {"angle": 0, "axis": "x", "origin": [8, 16.1, 16.8]},
			"faces": {
				"up": {"uv": [0, 6, 16, 0], "rotation": 180, "texture": "#5", "cullface": "south", "tintindex": 0},
				"down": {"uv": [0, 0, 16, 6], "rotation": 180, "texture": "#5", "cullface": "down", "tintindex": 0}
			}
		},
		{
			"name": "overlay4",
			"from": [-3.9, 16.2, 0],
			"to": [2.1, 16.2, 16],
			"shade": false,
			"rotation": {"angle": 0, "axis": "z", "origin": [-0.9, 16.2, 8]},
			"faces": {
				"up": {"uv": [0, 6, 16, 0], "rotation": 270, "texture": "#5", "cullface": "west", "tintindex": 0},
				"down": {"uv": [0, 0, 16, 6], "rotation": 90, "texture": "#5", "cullface": "down", "tintindex": 0}
			}
		}
	],
	"groups": [0, 1, 2, 3, 4,
		{
			"name": "grass_block1 - kopie",
			"origin": [8, 8, 8],
			"color": 0,
			"children": [5, 6, 7, 8]
		}
	]
}