{
	"credit": "Made with Blockbench",
	"parent": "block/thin_block",
	"textures": {
		"1": "block/grass_block_snow",
		"particle": "block/grass_block_snow",
		"texture": "block/snow"
	},
	"elements": [
		{
			"name": "Element",
			"from": [0, 0, 0],
			"to": [16, 8, 16],
			"faces": {
				"north": {"uv": [0, 8, 16, 16], "texture": "#texture", "cullface": "north"},
				"east": {"uv": [0, 8, 16, 16], "texture": "#texture", "cullface": "east"},
				"south": {"uv": [0, 8, 16, 16], "texture": "#texture", "cullface": "south"},
				"west": {"uv": [0, 8, 16, 16], "texture": "#texture", "cullface": "west"},
				"up": {"uv": [0, 0, 16, 16], "texture": "#texture"},
				"down": {"uv": [0, 0, 16, 16], "texture": "#texture", "cullface": "down"}
			}
		},
		{
			"name": "grass_block_snow_1",
			"from": [-0.025, -2, 0],
			"to": [-0.025, 0.5, 16],
			"rotation": {"angle": 0, "axis": "y", "origin": [8, -7.525, 8]},
			"faces": {
				"east": {"uv": [0, 0, 16, 2.5], "texture": "#1"},
				"west": {"uv": [0, 2.5, 16, 0], "rotation": 180, "texture": "#1"}
			}
		},
		{
			"name": "grass_block_snow_2",
			"from": [0, -2, 16.025],
			"to": [16, 0.5, 16.025],
			"rotation": {"angle": 0, "axis": "y", "origin": [8, -7.525, 8]},
			"faces": {
				"north": {"uv": [0, 0, 16, 2.5], "texture": "#1"},
				"south": {"uv": [0, 2.5, 16, 0], "rotation": 180, "texture": "#1"}
			}
		},
		{
			"name": "grass_block_snow_3",
			"from": [16.025, -2, 0],
			"to": [16.025, 0.5, 16],
			"rotation": {"angle": 0, "axis": "y", "origin": [8, -7.525, 8]},
			"faces": {
				"east": {"uv": [0, 2.5, 16, 0], "rotation": 180, "texture": "#1"},
				"west": {"uv": [0, 0, 16, 2.5], "texture": "#1"}
			}
		},
		{
			"name": "grass_block_snow_4",
			"from": [0, -2, -0.025],
			"to": [16, 0.5, -0.025],
			"rotation": {"angle": 0, "axis": "y", "origin": [8, -7.525, 8]},
			"faces": {
				"north": {"uv": [0, 2.5, 16, 0], "rotation": 180, "texture": "#1"},
				"south": {"uv": [0, 0, 16, 2.5], "texture": "#1"}
			}
		}
	],
	"groups": [
		{
			"name": "snow_height6",
			"origin": [8, 8, 8],
			"children": [
				{
					"name": "snow_height4",
					"origin": [8, 8, 8],
					"children": [
						{
							"name": "snow_height2",
							"origin": [8, 8, 8],
							"children": [0,
								{
									"name": "grass_block_snow",
									"origin": [8, 8, 8],
									"children": [1]
								},
								{
									"name": "grass_block_snow",
									"origin": [8, 8, 8],
									"children": [2]
								},
								{
									"name": "grass_block_snow",
									"origin": [8, 8, 8],
									"children": [3]
								},
								{
									"name": "grass_block_snow",
									"origin": [8, 8, 8],
									"children": [4]
								}
							]
						}
					]
				}
			]
		}
	]
}